disk_total_id,fail_time
224,13732.073611111111
39,1896.941388888889
135,12146.539444444445
