disk_total_id,fail_time
328,4247.666944444445
27,13104.315
139,4247.800277777778
615,12729.328611111112
30,13104.314444444444
310,5560.112777777777
206,2112.930833333334
320,5560.113611111111
