disk_total_id,fail_time
56,5421.605555555556
333,9486.510833333334
10,8304.891944444444
158,10431.3275
266,5918.0136111111115
