disk_total_id,fail_time
225,2351.534166666667
319,12346.835
390,4806.651666666667
405,11881.333888888888
864,12279.17888888889
130,12346.871388888889
156,6255.951388888889
414,17422.86777777778
415,17051.46777777778
447,16614.901944444446
145,17517.960000000003
