disk_total_id,fail_time
622,10912.539166666667
214,5993.283055555556
672,15459.135277777777
696,12279.188055555556
697,12279.188333333334
402,3625.301111111111
650,13473.241944444444
221,6163.346388888889
701,12279.218055555555
308,10510.956944444444
653,5963.773055555555
749,12729.305555555555
681,8122.140555555556
637,14387.934444444445
542,6814.222777777778
544,17251.52666666667
550,6264.839722222222
711,7990.990555555555
