disk_total_id,fail_time
3,10813.0
200,12279.249166666666
291,12993.301111111112
335,5957.909722222223
336,12279.20388888889
201,12279.179444444444
193,16044.187222222223
298,15273.20638888889
302,15443.801111111112
182,8120.514166666667
207,12279.191666666668
344,9201.699444444446
307,12279.20638888889
