disk_total_id,fail_time
1000,15393.235
188,8629.350833333334
335,12279.181944444445
267,3370.036666666667
