disk_total_id,fail_time
0,3472.845277777778
107,11092.170555555556
423,10277.755277777778
195,3792.5172222222222
6,5723.632777777778
257,4930.695833333333
539,15300.734722222222
249,6281.940277777778
19,3480.8594444444443
