disk_total_id,fail_time
472,7819.620833333333
382,7738.675833333334
1221,4352.206944444445
355,8976.656111111111
