disk_total_id,fail_time
801,6159.698611111111
260,10450.928055555556
805,6159.448333333334
806,6159.5986111111115
872,5284.095833333334
1034,11215.5425
683,17005.36777777778
14,6982.020833333333
498,7925.1113888888885
812,6159.806666666666
816,6159.946666666667
818,6159.333333333333
1139,4919.891944444445
117,3111.033611111111
119,3109.547777777778
888,3954.3558333333335
122,2864.033611111111
763,12111.8325
56,6815.723888888889
830,6159.870277777778
893,3034.800277777778
59,6814.841944444444
