disk_total_id,fail_time
576,4897.521388888889
835,12689.788888888888
58,6089.373888888889
317,7649.858333333334
