disk_total_id,fail_time
220,2117.521111111111
672,4452.433333333334
589,8329.321111111112
409,6061.119166666666
