disk_total_id,fail_time
2281,14232.301666666666
2257,11966.542777777779
2259,5917.1913888888885
2139,10940.826666666666
2316,14015.201388888889
2317,14015.301111111112
1715,14237.154444444444
2383,15105.872222222222
2231,13545.12361111111
1879,4397.525000000001
67,14771.136944444444
2307,2990.373888888889
