disk_total_id,fail_time
247,7882.168055555556
549,10269.409722222223
590,3135.2697222222223
310,10389.65
