disk_total_id,fail_time
46,3468.0044444444443
48,10421.998055555556
323,3451.529722222222
418,5799.594444444445
113,4904.241388888889
436,9107.040277777778
437,9107.040277777778
448,15092.767777777777
730,15891.101111111111
