disk_total_id,fail_time
481,14199.401666666667
613,4400.262777777778
709,13008.064444444444
714,12801.317222222222
472,14381.935
473,14381.935
474,14381.934444444445
476,14381.934722222222
477,14381.934722222222
500,11443.04
501,11443.04
