disk_total_id,fail_time
518,12968.931388888888
493,10374.929444444444
546,15648.697777777777
547,15647.805833333334
506,11329.475
507,11329.654166666667
548,13750.620833333332
549,13750.17861111111
539,3040.4655555555555
559,12346.811944444444
558,13907.9025
552,9548.903055555556
