disk_total_id,fail_time
395,73.2213888888889
435,12270.2275
43,17171.26777777778
404,10621.475
