disk_total_id,fail_time
1258,17019.234722222223
123,14297.601111111111
1272,13556.721944444444
1274,13556.7
1485,9244.116111111112
1170,16725.67166666667
1495,6167.713055555556
1702,10208.511111111111
1497,8662.062777777779
1285,2732.8619444444444
1501,13261.548611111111
