disk_total_id,fail_time
1020,2938.9836111111113
1645,546.0697222222223
138,4350.159166666667
190,4856.980277777778
1619,12443.15888888889
1056,13687.521388888888
1016,5662.893055555555
1622,546.0419444444445
