disk_total_id,fail_time
3361,15890.267777777777
1921,12946.758055555556
3363,9208.702777777778
999,13273.442777777778
972,2028.8605555555555
973,4379.610833333334
1810,5140.366111111111
4766,9825.90361111111
1008,5712.073888888889
1403,16213.868055555555
3333,5328.383333333333
2716,8128.894722222222
1080,4624.0105555555565
4953,7357.265277777778
2554,16529.535
2201,9866.950277777778
5199,14957.468055555555
3099,2059.2916666666665
1368,2908.6980555555556
