disk_total_id,fail_time
2772,6355.041944444444
1799,5153.1925
1807,5898.171666666667
1754,9086.987222222224
2423,13614.789166666667
2426,7422.644722222222
1118,17246.11416666667
941,16686.370000000003
2363,14101.336944444445
1294,8513.503611111111
