disk_total_id,fail_time
0,5463.321666666667
1,4286.798055555556
2,5248.080555555555
3,4287.177222222223
2,4287.5922222222225
105,14149.068611111112
106,14149.068888888889
107,14149.101111111111
70,5940.211111111111
72,11129.499722222223
74,5939.541666666667
166,6555.48
101,15354.375555555556
