disk_total_id,fail_time
246,1683.1447222222223
269,7611.201666666667
