disk_total_id,fail_time
197,5763.030833333333
200,5763.0325
201,5763.029166666666
202,219.03722222222223
225,5331.336111111111
226,5331.335277777778
228,1107.0394444444446
229,5331.332222222222
73,371.7525
